payment_key,rental_key,amount,payment_date
1,76,2.99,"2005-05-25 11:30:37"
2,573,0.99,"2005-05-28 10:35:23"
3,1185,5.99,"2005-06-15 00:54:12"
4,1422,0.99,"2005-06-15 18:02:53"
5,1476,9.99,"2005-06-15 21:08:46"
6,1725,4.99,"2005-06-16 15:18:57"
7,2308,4.99,"2005-06-18 08:41:48"
8,2363,0.99,"2005-06-18 13:33:59"
9,3284,3.99,"2005-06-21 06:24:45"
10,4526,5.99,"2005-07-08 03:17:05"
11,4611,5.99,"2005-07-08 07:33:56"
12,5244,4.99,"2005-07-09 13:24:07"
13,5326,4.99,"2005-07-09 16:38:01"
14,6163,7.99,"2005-07-11 10:13:46"
15,7273,2.99,"2005-07-27 11:31:22"
16,7841,4.99,"2005-07-28 09:04:45"
17,8033,4.99,"2005-07-28 16:18:23"
18,8074,0.99,"2005-07-28 17:33:39"
19,8116,0.99,"2005-07-28 19:20:07"
20,8326,2.99,"2005-07-29 03:58:49"
21,9571,2.99,"2005-07-31 02:42:18"
22,10437,4.99,"2005-08-01 08:51:04"
23,11299,3.99,"2005-08-02 15:36:52"
24,11367,0.99,"2005-08-02 18:01:38"
25,11824,4.99,"2005-08-17 12:37:54"
26,12250,0.99,"2005-08-18 03:57:29"
27,13068,0.99,"2005-08-19 09:55:16"
28,13176,2.99,"2005-08-19 13:56:54"
29,14762,0.99,"2005-08-21 23:33:57"
30,14825,1.99,"2005-08-22 01:27:57"
31,15298,2.99,"2005-08-22 19:41:37"
32,15315,5.99,"2005-08-22 20:03:46"
33,320,4.99,"2005-05-27 00:09:24"
34,2128,2.99,"2005-06-17 20:54:58"
35,5636,2.99,"2005-07-10 06:31:24"
36,5755,6.99,"2005-07-10 12:38:56"
37,7346,4.99,"2005-07-27 14:30:42"
38,7376,5.99,"2005-07-27 15:23:02"
39,7459,5.99,"2005-07-27 18:40:20"
40,8230,5.99,"2005-07-29 00:12:59"
41,8598,2.99,"2005-07-29 12:56:59"
42,8705,5.99,"2005-07-29 17:14:29"
43,9031,4.99,"2005-07-30 06:06:10"
44,9236,10.99,"2005-07-30 13:47:43"
45,9248,0.99,"2005-07-30 14:14:11"
46,9296,6.99,"2005-07-30 16:21:13"
47,9465,6.99,"2005-07-30 22:39:53"
48,10136,2.99,"2005-07-31 21:58:56"
49,10466,0.99,"2005-08-01 09:45:26"
50,10918,0.99,"2005-08-02 02:10:56"
51,11087,5.99,"2005-08-02 07:41:41"
52,11177,6.99,"2005-08-02 10:43:48"
53,11256,2.99,"2005-08-02 13:44:53"
54,11614,2.99,"2005-08-17 03:52:18"
55,12963,2.99,"2005-08-19 06:26:04"
56,14475,4.99,"2005-08-21 13:24:32"
57,14743,5.99,"2005-08-21 22:41:56"
58,15145,4.99,"2005-08-22 13:53:04"
59,15907,4.99,"2005-08-23 17:39:35"
60,435,1.99,"2005-05-27 17:17:09"
61,830,2.99,"2005-05-29 22:43:55"
62,1546,8.99,"2005-06-16 01:34:05"
63,1726,6.99,"2005-06-16 15:19:10"
64,1911,6.99,"2005-06-17 05:15:15"
65,2628,2.99,"2005-06-19 08:34:53"
66,4180,4.99,"2005-07-07 10:23:25"
67,4725,4.99,"2005-07-08 12:47:11"
68,7096,5.99,"2005-07-27 04:54:42"
69,7503,10.99,"2005-07-27 20:23:12"
70,7703,7.99,"2005-07-28 03:59:21"
71,7724,6.99,"2005-07-28 04:46:30"
72,7911,4.99,"2005-07-28 11:46:45"
73,8086,4.99,"2005-07-28 18:17:14"
74,8545,2.99,"2005-07-29 11:07:04"
75,9226,1.99,"2005-07-30 13:31:20"
76,9443,3.99,"2005-07-30 21:45:46"
77,9595,2.99,"2005-07-31 03:27:58"
78,9816,4.99,"2005-07-31 11:32:58"
79,10597,5.99,"2005-08-01 14:19:48"
80,12556,4.99,"2005-08-18 14:49:55"
81,13403,8.99,"2005-08-19 22:18:07"
82,13610,2.99,"2005-08-20 06:14:12"
83,14699,8.99,"2005-08-21 20:50:48"
84,15038,0.99,"2005-08-22 09:37:27"
85,15619,2.99,"2005-08-23 07:10:14"
86,1297,4.99,"2005-06-15 09:31:28"
87,1633,0.99,"2005-06-16 08:08:40"
88,1707,2.99,"2005-06-16 14:01:27"
89,1735,0.99,"2005-06-16 15:51:52"
90,2043,0.99,"2005-06-17 14:31:12"
91,2642,5.99,"2005-06-19 09:39:01"
92,7660,2.99,"2005-07-28 02:10:10"
93,7718,2.99,"2005-07-28 04:37:59"
94,8741,3.99,"2005-07-29 18:44:57"
95,9100,5.99,"2005-07-30 08:46:09"
96,9371,5.99,"2005-07-30 18:58:00"
97,11069,0.99,"2005-08-02 07:09:34"
98,11110,2.99,"2005-08-02 08:20:31"
99,11529,4.99,"2005-08-17 00:28:01"
100,12151,2.99,"2005-08-18 00:14:03"
101,12294,8.99,"2005-08-18 05:14:44"
102,12856,1.99,"2005-08-19 02:19:13"
103,13704,2.99,"2005-08-20 09:32:04"
104,13807,6.99,"2005-08-20 12:55:40"
105,14225,4.99,"2005-08-21 04:53:37"
106,15147,2.99,"2005-08-22 13:58:23"
107,15635,1.99,"2005-08-23 07:43:00"
108,731,0.99,"2005-05-29 07:25:16"
109,1085,6.99,"2005-05-31 11:15:43"
110,1142,1.99,"2005-05-31 19:46:38"
111,1502,3.99,"2005-06-15 22:03:14"
112,1631,2.99,"2005-06-16 08:01:02"
113,2063,4.99,"2005-06-17 15:56:53"
114,2570,2.99,"2005-06-19 04:20:13"
115,3126,4.99,"2005-06-20 18:38:22"
116,3677,4.99,"2005-07-06 09:11:58"
117,4889,2.99,"2005-07-08 20:04:43"
118,5016,4.99,"2005-07-09 01:57:57"
119,5118,5.99,"2005-07-09 07:13:52"
120,5156,1.99,"2005-07-09 08:51:42"
121,5721,0.99,"2005-07-10 11:09:35"
122,6042,8.99,"2005-07-11 03:17:04"
123,6663,3.99,"2005-07-12 11:27:35"
124,6685,4.99,"2005-07-12 12:16:28"
125,7293,0.99,"2005-07-27 12:37:28"
126,7652,0.99,"2005-07-28 01:50:29"
127,7829,3.99,"2005-07-28 08:43:39"
128,8263,2.99,"2005-07-29 01:11:23"
129,8978,1.99,"2005-07-30 04:14:28"
130,9493,4.99,"2005-07-30 23:52:30"
131,9888,3.99,"2005-07-31 14:00:53"
132,10609,4.99,"2005-08-01 14:48:45"
133,10625,0.99,"2005-08-01 15:27:10"
134,11001,4.99,"2005-08-02 04:56:45"
135,11179,4.99,"2005-08-02 10:50:06"
136,11930,3.99,"2005-08-17 16:28:53"
137,12145,9.99,"2005-08-18 00:10:04"
138,12797,2.99,"2005-08-19 00:24:08"
139,13063,1.99,"2005-08-19 09:45:41"
140,13877,0.99,"2005-08-20 15:16:18"
141,14053,6.99,"2005-08-20 22:13:59"
142,14430,6.99,"2005-08-21 11:31:11"
143,14494,2.99,"2005-08-21 14:02:50"
144,15232,0.99,"2005-08-22 17:37:02"
145,13209,0.99,"2006-02-14 15:16:03"
146,57,4.99,"2005-05-25 08:43:32"
147,577,2.99,"2005-05-28 11:09:14"
148,916,0.99,"2005-05-30 11:25:01"
149,1575,3.99,"2005-06-16 03:41:38"
150,1841,2.99,"2005-06-16 23:44:13"
151,1966,0.99,"2005-06-17 09:19:45"
152,2345,0.99,"2005-06-18 12:03:23"
153,3983,0.99,"2005-07-06 23:14:21"
154,4278,2.99,"2005-07-07 14:53:24"
155,5553,0.99,"2005-07-10 03:03:35"
156,6211,5.99,"2005-07-11 12:39:01"
157,6248,7.99,"2005-07-11 15:01:54"
158,6686,0.99,"2005-07-12 12:18:38"
159,7099,2.99,"2005-07-27 05:03:44"
160,7136,2.99,"2005-07-27 06:38:25"
161,8101,0.99,"2005-07-28 18:47:23"
162,10271,2.99,"2005-08-01 03:13:39"
163,11023,2.99,"2005-08-02 05:36:38"
164,11398,3.99,"2005-08-02 18:55:15"
165,11591,6.99,"2005-08-17 02:29:41"
166,11727,0.99,"2005-08-17 08:12:20"
167,11853,0.99,"2005-08-17 13:39:32"
168,12254,2.99,"2005-08-18 04:05:29"
169,13451,6.99,"2005-08-20 00:18:25"
170,14329,7.99,"2005-08-21 08:22:56"
171,14377,4.99,"2005-08-21 09:49:28"
172,15509,5.99,"2005-08-23 02:51:24"
173,15603,0.99,"2005-08-23 06:41:32"
174,46,5.99,"2005-05-25 06:04:08"
175,117,0.99,"2005-05-25 19:30:46"
176,748,2.99,"2005-05-29 09:27:00"
177,975,4.99,"2005-05-30 21:07:15"
178,1063,5.99,"2005-05-31 08:44:29"
179,1810,0.99,"2005-06-16 21:06:00"
180,2250,2.99,"2005-06-18 05:03:36"
181,2709,0.99,"2005-06-19 14:00:26"
182,2888,4.99,"2005-06-20 01:50:56"
183,3007,0.99,"2005-06-20 10:11:53"
184,3639,5.99,"2005-07-06 07:09:17"
185,4238,2.99,"2005-07-07 13:22:20"
186,4787,5.99,"2005-07-08 16:16:04"
187,4856,4.99,"2005-07-08 18:47:38"
188,5441,8.99,"2005-07-09 21:52:05"
189,5921,7.99,"2005-07-10 21:35:12"
190,6174,1.99,"2005-07-11 10:36:28"
191,6295,2.99,"2005-07-11 17:30:58"
192,6761,3.99,"2005-07-12 15:17:42"
193,8422,5.99,"2005-07-29 07:02:55"
194,9624,7.99,"2005-07-31 04:30:03"
195,10330,6.99,"2005-08-01 04:57:04"
196,10423,5.99,"2005-08-01 08:19:53"
197,10514,4.99,"2005-08-01 11:39:26"
198,10644,4.99,"2005-08-01 15:52:00"
199,10989,3.99,"2005-08-02 04:40:54"
200,11542,7.99,"2005-08-17 00:51:32"
201,12367,8.99,"2005-08-18 07:57:14"
202,12730,2.99,"2005-08-18 21:55:01"
203,13373,2.99,"2005-08-19 21:23:31"
204,13476,2.99,"2005-08-20 01:06:04"
205,13594,0.99,"2005-08-20 05:53:31"
206,14222,5.99,"2005-08-21 04:49:48"
207,866,6.99,"2005-05-30 03:43:54"
208,1305,2.99,"2005-06-15 09:59:16"
209,2095,5.99,"2005-06-17 18:21:35"
210,3114,4.99,"2005-06-20 17:57:47"
211,3475,5.99,"2005-07-05 23:01:21"
212,4003,0.99,"2005-07-07 00:09:02"
213,4175,2.99,"2005-07-07 10:02:03"
214,4409,3.99,"2005-07-07 21:47:29"
215,4503,3.99,"2005-07-08 02:17:12"
216,5300,2.99,"2005-07-09 15:40:46"
217,5341,2.99,"2005-07-09 17:13:23"
218,6375,4.99,"2005-07-11 21:39:46"
219,6647,0.99,"2005-07-12 10:43:53"
220,8809,1.99,"2005-07-29 21:42:49"
221,9629,2.99,"2005-07-31 04:54:43"
222,10141,0.99,"2005-07-31 22:08:29"
223,10561,2.99,"2005-08-01 13:05:35"
224,11232,9.99,"2005-08-02 13:04:12"
225,11284,2.99,"2005-08-02 14:42:45"
226,12613,2.99,"2005-08-18 17:16:01"
227,14114,0.99,"2005-08-21 01:07:11"
228,15374,7.99,"2005-08-22 22:09:09"
229,15764,2.99,"2005-08-23 13:05:10"
230,15805,4.99,"2005-08-23 14:31:19"
231,350,4.99,"2005-05-27 05:01:28"
232,877,0.99,"2005-05-30 05:48:59"
233,1075,4.99,"2005-05-31 10:13:34"
234,3142,7.99,"2005-06-20 19:59:28"
235,3262,4.99,"2005-06-21 04:08:43"
236,4454,2.99,"2005-07-07 23:37:00"
237,4748,0.99,"2005-07-08 13:59:38"
238,4796,1.99,"2005-07-08 16:35:44"
239,5659,2.99,"2005-07-10 07:45:40"
240,6019,4.99,"2005-07-11 02:08:29"
241,6165,5.99,"2005-07-11 10:17:29"
242,7616,0.99,"2005-07-28 00:15:26"
243,7801,2.99,"2005-07-28 07:51:56"
244,9043,4.99,"2005-07-30 06:34:07"
245,10451,0.99,"2005-08-01 09:11:25"
246,10454,4.99,"2005-08-01 09:14:00"
247,11400,5.99,"2005-08-02 19:00:52"
248,11556,0.99,"2005-08-17 01:11:53"
249,12228,2.99,"2005-08-18 03:08:10"
250,12309,2.99,"2005-08-18 05:58:40"
251,12652,4.99,"2005-08-18 18:48:58"
252,14489,7.99,"2005-08-21 13:53:59"
253,15813,4.99,"2006-02-14 15:16:03"
254,1140,4.99,"2005-05-31 19:36:30"
255,1801,4.99,"2005-06-16 20:21:53"
256,1995,4.99,"2005-06-17 11:11:14"
257,2222,3.99,"2005-06-18 03:26:23"
258,2814,0.99,"2005-06-19 20:01:59"
259,2865,0.99,"2005-06-20 00:00:55"
260,3790,3.99,"2005-07-06 14:13:45"
261,4042,4.99,"2005-07-07 03:06:40"
262,4255,1.99,"2005-07-07 14:14:13"
263,5038,7.99,"2005-07-09 03:12:52"
264,5068,2.99,"2005-07-09 04:53:18"
265,5444,0.99,"2005-07-09 21:58:57"
266,5905,2.99,"2005-07-10 20:41:09"
267,7738,2.99,"2005-07-28 05:21:42"
268,8001,6.99,"2005-07-28 15:10:55"
269,8188,4.99,"2005-07-28 22:34:12"
270,9935,4.99,"2005-07-31 15:27:07"
271,10671,8.99,"2005-08-01 17:09:59"
272,11289,2.99,"2005-08-02 14:55:00"
273,11405,0.99,"2005-08-02 19:13:39"
274,12031,2.99,"2005-08-17 20:11:35"
275,12400,2.99,"2005-08-18 09:19:12"
276,13316,4.99,"2005-08-19 19:23:30"
277,13917,2.99,"2005-08-20 16:43:28"
278,15370,5.99,"2005-08-22 21:59:29"
279,987,6.99,"2005-05-30 22:59:12"
280,1470,6.99,"2005-06-15 20:53:07"
281,1939,7.99,"2005-06-17 07:26:45"
282,3192,0.99,"2005-06-20 23:49:12"
283,4608,2.99,"2005-07-08 07:19:11"
284,4943,4.99,"2005-07-08 22:43:05"
285,5835,5.99,"2005-07-10 16:44:58"
286,6146,6.99,"2005-07-11 09:09:59"
287,7314,4.99,"2005-07-27 13:13:32"
288,8014,4.99,"2005-07-28 15:32:07"
289,8100,2.99,"2005-07-28 18:43:11"
290,8447,1.99,"2005-07-29 07:38:14"
291,8715,0.99,"2005-07-29 17:33:45"
292,8950,9.99,"2005-07-30 03:17:13"
293,9292,6.99,"2005-07-30 16:08:21"
294,10812,4.99,"2005-08-01 22:41:16"
295,11166,6.99,"2005-08-02 10:14:58"
296,11502,0.99,"2005-08-16 23:06:30"
297,12015,5.99,"2005-08-17 19:32:44"
298,13572,0.99,"2005-08-20 05:07:27"
299,13790,4.99,"2005-08-20 12:17:27"
300,15120,0.99,"2005-08-22 12:42:47"
301,15240,2.99,"2005-08-22 17:46:41"
302,11646,0.99,"2006-02-14 15:16:03"
303,988,4.99,"2005-05-30 23:08:03"
304,1084,4.99,"2005-05-31 11:10:17"
305,1752,5.99,"2005-06-16 17:02:55"
306,2434,5.99,"2005-06-18 18:11:51"
307,2500,5.99,"2005-06-18 23:07:12"
308,2623,4.99,"2005-06-19 08:11:51"
309,3135,2.99,"2005-06-20 19:33:52"
310,3411,0.99,"2005-06-21 16:31:27"
311,3870,3.99,"2005-07-06 17:57:54"
312,5071,0.99,"2005-07-09 05:00:39"
313,5074,0.99,"2005-07-09 05:06:24"
314,5111,0.99,"2005-07-09 07:02:19"
315,5242,3.99,"2005-07-09 13:20:25"
316,6773,2.99,"2005-07-12 15:55:39"
317,7008,0.99,"2005-07-27 01:44:03"
318,7279,0.99,"2005-07-27 11:50:47"
319,8985,0.99,"2005-07-30 04:34:51"
320,9166,4.99,"2005-07-30 11:26:28"
321,9238,5.99,"2005-07-30 13:49:43"
322,9627,5.99,"2005-07-31 04:42:46"
323,9708,5.99,"2005-07-31 07:45:33"
324,10392,10.99,"2005-08-01 06:50:26"
325,11497,0.99,"2005-08-16 22:52:30"
326,12604,4.99,"2005-08-18 16:58:48"
327,13519,0.99,"2005-08-20 02:37:07"
328,13895,2.99,"2005-08-20 15:58:28"
329,14240,4.99,"2005-08-21 05:19:39"
330,15993,0.99,"2005-08-23 20:28:44"
331,1933,2.99,"2005-06-17 06:54:42"
332,2209,4.99,"2005-06-18 02:24:01"
333,2952,2.99,"2005-06-20 06:26:57"
334,3047,8.99,"2005-06-20 12:45:33"
335,3946,2.99,"2005-07-06 21:39:24"
336,6118,8.99,"2005-07-11 07:43:08"
337,6568,2.99,"2005-07-12 05:45:47"
338,6870,0.99,"2005-07-12 20:13:45"
339,6897,2.99,"2005-07-12 21:30:41"
340,7916,2.99,"2005-07-28 11:49:53"
341,8277,2.99,"2005-07-29 01:38:53"
342,8831,11.99,"2005-07-29 22:37:41"
343,9260,9.99,"2005-07-30 14:38:22"
344,9434,0.99,"2005-07-30 21:29:41"
345,9664,0.99,"2005-07-31 06:12:08"
346,9736,7.99,"2005-07-31 08:58:40"
347,10003,4.99,"2005-07-31 17:48:51"
348,11292,4.99,"2005-08-02 14:58:41"
349,11315,0.99,"2005-08-02 16:05:17"
350,11761,5.99,"2005-08-17 09:44:59"
351,12918,7.99,"2005-08-19 04:31:36"
352,13096,4.99,"2005-08-19 10:49:03"
353,13213,0.99,"2005-08-19 15:25:48"
354,13456,0.99,"2005-08-20 00:33:19"
355,14252,9.99,"2005-08-21 05:44:07"
356,14545,7.99,"2005-08-21 15:44:23"
357,15338,4.99,"2005-08-22 20:51:24"
358,151,0.99,"2005-05-26 00:37:28"
359,346,9.99,"2005-05-27 04:34:41"
360,525,5.99,"2005-05-28 04:25:33"
361,671,2.99,"2005-05-28 22:04:30"
362,815,0.99,"2005-05-29 20:24:28"
363,1360,4.99,"2005-06-15 13:32:15"
364,3707,2.99,"2005-07-06 10:21:49"
365,4952,0.99,"2005-07-08 23:00:07"
366,5104,0.99,"2005-07-09 06:37:07"
367,5317,7.99,"2005-07-09 16:10:25"
368,5383,4.99,"2005-07-09 19:14:32"
369,5565,7.99,"2005-07-10 03:29:48"
370,8035,6.99,"2005-07-28 16:23:01"
371,8042,0.99,"2005-07-28 16:45:11"
372,8548,3.99,"2005-07-29 11:11:33"
373,8836,4.99,"2005-07-29 22:46:08"
374,9438,4.99,"2005-07-30 21:36:15"
375,9592,2.99,"2005-07-31 03:21:16"
376,10348,2.99,"2005-08-01 05:23:00"
377,10526,6.99,"2005-08-01 11:55:33"
378,11480,4.99,"2005-08-02 22:18:24"
379,11528,3.99,"2005-08-17 00:27:23"
380,12668,2.99,"2005-08-18 19:16:47"
381,13757,4.99,"2005-08-20 11:20:12"
382,15015,6.99,"2005-08-22 08:43:50"
383,15373,0.99,"2005-08-22 22:08:11"
384,16045,0.99,"2005-08-23 22:25:26"
385,13780,4.99,"2006-02-14 15:16:03"
386,2486,2.99,"2005-06-18 21:26:56"
387,2937,5.99,"2005-06-20 05:15:37"
388,3182,0.99,"2005-06-20 22:52:18"
389,3550,7.99,"2005-07-06 02:29:21"
390,4127,5.99,"2005-07-07 07:26:19"
391,5717,2.99,"2005-07-10 11:02:03"
392,5975,2.99,"2005-07-11 00:14:19"
393,7105,4.99,"2005-07-27 05:15:37"
394,8193,0.99,"2005-07-28 22:50:50"
395,8615,6.99,"2005-07-29 13:36:01"
396,8927,4.99,"2005-07-30 02:13:31"
397,9987,2.99,"2005-07-31 17:22:35"
398,11118,2.99,"2005-08-02 08:44:18"
399,11141,2.99,"2005-08-02 09:29:11"
400,11307,2.99,"2005-08-02 15:48:08"
401,11341,2.99,"2005-08-02 17:09:24"
402,11922,7.99,"2005-08-17 16:20:37"
403,12272,2.99,"2005-08-18 04:39:10"
404,12551,2.99,"2005-08-18 14:46:26"
405,12635,2.99,"2005-08-18 18:00:23"
406,13339,8.99,"2005-08-19 20:18:36"
407,13393,5.99,"2005-08-19 22:03:46"
408,13503,5.99,"2005-08-20 02:00:33"
409,13541,4.99,"2005-08-20 03:41:41"
410,13677,3.99,"2005-08-20 08:34:41"
411,14569,0.99,"2005-08-21 16:31:22"
412,14776,4.99,"2005-08-21 23:53:35"
413,14872,8.99,"2005-08-22 03:23:41"
414,15178,0.99,"2005-08-22 15:36:04"
415,15897,4.99,"2005-08-23 17:12:31"
416,13798,3.98,"2006-02-14 15:16:03"
417,13968,0,"2006-02-14 15:16:03"
418,335,3.99,"2005-05-27 03:07:10"
419,593,2.99,"2005-05-28 13:33:23"
420,887,0.99,"2005-05-30 07:10:00"
421,1017,2.99,"2005-05-31 02:53:36"
422,1934,6.99,"2005-06-17 07:04:57"
423,1944,7.99,"2005-06-17 07:50:53"
425,2960,7.99,"2005-06-20 07:10:09"
426,3348,0.99,"2005-06-21 11:16:42"
427,3548,0.99,"2005-07-06 02:23:39"
428,4219,2.99,"2005-07-07 12:11:22"
429,4263,3.99,"2005-07-07 14:24:44"
430,4517,4.99,"2005-07-08 02:45:19"
431,6100,4.99,"2005-07-11 06:40:31"
432,7489,0.99,"2005-07-27 19:39:38"
433,7552,2.99,"2005-07-27 22:03:41"
434,8452,5.99,"2005-07-29 07:45:00"
435,9158,0.99,"2005-07-30 11:12:03"
436,9610,5.99,"2005-07-31 03:54:05"
437,10687,2.99,"2005-08-01 17:53:02"
438,10727,2.99,"2005-08-01 19:15:08"
439,11308,0.99,"2005-08-02 15:50:44"
440,12104,2.99,"2005-08-17 22:53:00"
441,12358,4.99,"2005-08-18 07:41:43"
442,12577,7.99,"2005-08-18 15:39:46"
443,13151,4.99,"2005-08-19 13:08:23"
444,13391,4.99,"2005-08-19 22:01:42"
445,13480,6.99,"2005-08-20 01:10:27"
446,14511,8.99,"2005-08-21 14:45:34"
447,287,2.99,"2005-05-26 19:44:54"
448,580,2.99,"2005-05-28 11:19:53"
449,884,4.99,"2005-05-30 06:41:32"
450,2175,5.99,"2005-06-18 00:17:58"
451,2684,8.99,"2005-06-19 12:29:08"
452,3269,5.99,"2005-06-21 05:06:30"
453,5714,3.99,"2005-07-10 10:46:57"
454,5883,3.99,"2005-07-10 19:25:21"
455,6884,1.99,"2005-07-12 20:52:41"
456,8076,8.99,"2005-07-28 17:45:58"
457,8213,2.99,"2005-07-28 23:37:33"
458,9092,8.99,"2005-07-30 08:30:56"
459,9138,2.99,"2005-07-30 10:11:52"
460,9382,8.99,"2005-07-30 19:23:44"
461,9489,0.99,"2005-07-30 23:43:32"
462,11990,4.99,"2005-08-17 18:26:22"
463,13732,2.99,"2005-08-20 10:24:41"
464,14040,2.99,"2005-08-20 21:43:44"
465,14326,2.99,"2005-08-21 08:15:41"
466,14346,2.99,"2005-08-21 08:42:26"
467,15752,5.99,"2005-08-23 12:41:38"
468,50,2.99,"2005-05-25 06:44:53"
469,116,4.99,"2005-05-25 19:27:51"
470,692,4.99,"2005-05-29 01:32:10"
471,1451,5.99,"2005-06-15 19:30:18"
472,1783,4.99,"2005-06-16 19:23:23"
473,2112,5.99,"2005-06-17 19:52:42"
474,2990,8.99,"2005-06-20 09:02:51"
475,4672,3.99,"2005-07-08 10:15:38"
476,4724,3.99,"2005-07-08 12:46:30"
477,4923,3.99,"2005-07-08 21:44:39"
478,6128,2.99,"2005-07-11 08:15:08"
479,6846,0.99,"2005-07-12 19:20:45"
480,8122,2.99,"2005-07-28 19:27:37"
481,8555,4.99,"2005-07-29 11:18:01"
482,9036,4.99,"2005-07-30 06:18:38"
483,9114,4.99,"2005-07-30 09:13:21"
484,10682,4.99,"2005-08-01 17:32:53"
485,10721,1.99,"2005-08-01 19:05:18"
486,11094,4.99,"2005-08-02 08:03:02"
487,11439,4.99,"2005-08-02 20:22:45"
488,12333,0.99,"2005-08-18 06:51:39"
489,13490,0.99,"2005-08-20 01:29:29"
490,18,0.99,"2005-05-25 01:10:47"
491,110,9.99,"2005-05-25 18:43:49"
492,179,6.99,"2005-05-26 04:26:06"
493,337,2.99,"2005-05-27 03:22:30"
494,591,2.99,"2005-05-28 13:11:04"
495,696,2.99,"2005-05-29 01:59:10"
496,2657,2.99,"2005-06-19 10:42:59"
497,2848,2.99,"2005-06-19 22:55:37"
498,3423,2.99,"2005-06-21 17:38:02"
499,3549,4.99,"2005-07-06 02:24:55"
500,6495,4.99,"2005-07-12 02:57:02"
501,9157,5.99,"2005-07-30 11:06:23"
502,9256,0.99,"2005-07-30 14:29:29"
503,10077,9.99,"2005-07-31 20:01:06"
504,10176,7.99,"2005-07-31 23:40:35"
505,11508,8.99,"2005-08-16 23:27:36"
506,11869,5.99,"2005-08-17 14:10:22"
507,12211,9.99,"2005-08-18 02:31:18"
508,12357,2.99,"2005-08-18 07:40:52"
509,13718,8.99,"2005-08-20 09:53:44"
510,13804,8.99,"2005-08-20 12:46:32"
511,14101,4.99,"2005-08-21 00:33:03"
512,15047,2.99,"2005-08-22 09:57:16"
513,15529,0.99,"2005-08-23 03:46:47"
514,202,2.99,"2005-05-26 07:27:36"
515,497,6.99,"2005-05-28 00:54:39"
516,546,1.99,"2005-05-28 07:16:25"
517,1558,0.99,"2005-06-16 02:33:53"
518,2136,3.99,"2005-06-17 21:16:41"
519,2343,4.99,"2005-06-18 11:46:26"
520,3350,4.99,"2005-06-21 11:21:38"
521,4011,3.99,"2005-07-07 00:48:25"
522,4407,2.99,"2005-07-07 21:39:45"
523,5718,2.99,"2005-07-10 11:03:20"
524,6254,2.99,"2005-07-11 15:10:18"
525,6267,6.99,"2005-07-11 15:53:00"
526,7217,4.99,"2005-07-27 09:31:44"
527,7864,5.99,"2005-07-28 10:06:10"
528,8127,2.99,"2005-07-28 19:45:19"
529,9075,4.99,"2005-07-30 07:55:14"
530,9468,3.99,"2005-07-30 22:53:52"
531,10284,4.99,"2005-08-01 03:33:19"
532,10616,7.99,"2005-08-01 14:59:50"
533,10954,1.99,"2005-08-02 03:30:24"
534,11821,0.99,"2005-08-17 12:27:55"
535,12180,0.99,"2005-08-18 01:28:15"
536,13036,4.99,"2005-08-19 08:48:37"
537,13137,4.99,"2005-08-19 12:26:32"
538,13317,2.99,"2005-08-19 19:25:42"
539,14613,2.99,"2005-08-21 18:03:20"
540,15057,6.99,"2005-08-22 10:19:58"
541,15161,1.99,"2005-08-22 14:37:22"
542,15248,0.99,"2005-08-22 17:53:06"
543,15460,2.99,"2005-08-23 01:10:42"
544,260,3.99,"2005-05-26 15:42:20"
545,463,3.99,"2005-05-27 20:11:47"
546,570,0.99,"2005-05-28 10:15:04"
547,2235,7.99,"2005-06-18 04:08:50"
548,2268,4.99,"2005-06-18 06:13:41"
549,2393,2.99,"2005-06-18 15:37:55"
550,2830,4.99,"2005-06-19 21:14:33"
551,3212,10.99,"2005-06-21 01:04:35"
552,5107,4.99,"2005-07-09 06:42:32"
553,5772,3.99,"2005-07-10 13:27:40"
554,5961,2.99,"2005-07-10 23:43:23"
555,6943,1.99,"2005-07-26 23:28:13"
556,7994,0.99,"2005-07-28 14:56:54"
557,8196,6.99,"2005-07-28 22:56:11"
558,8862,2.99,"2005-07-29 23:49:23"
559,9149,0.99,"2005-07-30 10:45:12"
560,9699,5.99,"2005-07-31 07:29:25"
561,10570,4.99,"2005-08-01 13:23:06"
562,10734,0.99,"2005-08-01 19:28:47"
563,11072,0.99,"2005-08-02 07:10:57"
564,11970,0.99,"2005-08-17 17:53:09"
565,12131,2.99,"2005-08-17 23:34:16"
566,12660,4.99,"2005-08-18 19:07:23"
567,12774,6.99,"2005-08-18 23:34:22"
568,13381,2.99,"2005-08-19 21:37:57"
569,13399,4.99,"2005-08-19 22:09:28"
570,13411,4.99,"2005-08-19 22:43:38"
571,13463,8.99,"2005-08-20 00:50:54"
572,13699,9.99,"2005-08-20 09:26:14"
573,13740,4.99,"2005-08-20 10:48:43"
574,14077,8.99,"2005-08-20 23:24:07"
575,14161,2.99,"2005-08-21 02:51:59"
576,14446,2.99,"2005-08-21 12:10:41"
577,14869,4.99,"2005-08-22 03:20:26"
578,14933,2.99,"2006-02-14 15:16:03"
579,370,4.99,"2005-05-27 07:49:43"
580,556,4.99,"2005-05-28 08:31:36"
581,820,8.99,"2005-05-29 21:07:22"
582,3419,2.99,"2005-06-21 17:18:01"
583,4215,2.99,"2005-07-07 12:00:52"
584,5294,6.99,"2005-07-09 15:23:42"
585,5815,2.99,"2005-07-10 15:48:19"
586,7087,4.99,"2005-07-27 04:42:08"
587,7705,7.99,"2005-07-28 04:02:58"
588,9410,0.99,"2005-07-30 20:38:05"
589,9580,4.99,"2005-07-31 03:01:11"
590,12023,5.99,"2005-08-17 19:54:54"
591,12124,2.99,"2005-08-17 23:22:46"
592,12809,0.99,"2005-08-19 00:42:24"
593,13060,9.99,"2005-08-19 09:43:25"
594,14056,2.99,"2005-08-20 22:18:53"
595,14564,6.99,"2005-08-21 16:24:43"
596,15134,7.99,"2005-08-22 13:18:25"
597,15589,6.99,"2005-08-23 06:03:31"
598,15658,4.99,"2005-08-23 08:48:43"
599,15793,4.99,"2005-08-23 14:06:19"
600,12222,4.99,"2006-02-14 15:16:03"
601,129,8.99,"2005-05-25 21:20:03"
602,654,2.99,"2005-05-28 20:15:30"
603,1090,0.99,"2005-05-31 12:03:44"
604,2753,1.99,"2005-06-19 16:44:35"
605,2827,0.99,"2005-06-19 20:50:01"
606,3015,5.99,"2005-06-20 10:48:56"
607,3055,4.99,"2005-06-20 13:19:58"
608,3461,2.99,"2005-06-21 21:49:18"
609,3736,3.99,"2005-07-06 11:43:44"
610,3781,2.99,"2005-07-06 13:53:41"
611,4853,2.99,"2005-07-08 18:43:18"
612,6213,2.99,"2005-07-11 12:43:07"
613,6238,2.99,"2005-07-11 14:20:18"
614,6917,5.99,"2005-07-12 22:30:15"
615,7155,7.99,"2005-07-27 07:18:46"
616,8015,2.99,"2005-07-28 15:33:03"
617,8718,0.99,"2005-07-29 17:41:14"
618,9209,5.99,"2005-07-30 12:55:36"
619,9255,9.99,"2005-07-30 14:26:46"
620,9718,3.99,"2005-07-31 08:25:03"
621,10132,6.99,"2005-07-31 21:50:24"
622,10898,2.99,"2005-08-02 01:29:57"
623,11501,2.99,"2005-08-16 23:04:53"
624,13290,2.99,"2005-08-19 18:31:50"
625,13331,4.99,"2005-08-19 20:00:25"
626,13429,6.99,"2005-08-19 23:25:37"
627,13511,0.99,"2005-08-20 02:21:40"
628,13557,0.99,"2005-08-20 04:12:41"
629,14482,2.99,"2005-08-21 13:42:45"
630,15532,2.99,"2006-02-14 15:16:03"
631,1007,6.99,"2005-05-31 01:02:28"
632,1077,2.99,"2005-05-31 10:22:54"
633,1716,2.99,"2005-06-16 14:39:31"
634,2070,2.99,"2005-06-17 16:27:51"
635,2116,4.99,"2005-06-17 20:16:12"
636,2451,5.99,"2005-06-18 19:28:02"
637,2963,7.99,"2005-06-20 07:33:09"
638,3649,7.99,"2005-07-06 07:32:42"
639,4378,2.99,"2005-07-07 20:29:08"
640,5310,0.99,"2005-07-09 16:00:34"
641,5648,0.99,"2005-07-10 07:09:21"
642,6855,4.99,"2005-07-12 19:46:29"
643,7266,1.99,"2005-07-27 11:22:17"
644,8947,4.99,"2005-07-30 03:15:37"
645,9723,0.99,"2005-07-31 08:31:18"
646,9925,0.99,"2005-07-31 15:08:47"
647,10491,2.99,"2005-08-01 10:38:27"
648,11209,2.99,"2005-08-02 12:09:45"
649,11546,2.99,"2005-08-17 00:57:36"
650,12165,8.99,"2005-08-18 00:53:37"
651,12745,2.99,"2005-08-18 22:22:45"
652,12999,1.99,"2005-08-19 07:34:53"
653,13058,4.99,"2005-08-19 09:40:53"
654,13247,0.99,"2005-08-19 16:45:59"
655,15357,4.99,"2005-08-22 21:28:59"
656,90,7.99,"2005-05-25 14:31:25"
657,1033,2.99,"2005-05-31 04:50:07"
658,1338,4.99,"2005-06-15 12:17:34"
659,1365,2.99,"2005-06-15 14:09:55"
660,1754,6.99,"2005-06-16 17:13:23"
661,2625,8.99,"2005-06-19 08:23:11"
662,2901,4.99,"2005-06-20 02:41:28"
663,3447,4.99,"2005-06-21 20:53:31"
664,4282,2.99,"2005-07-07 15:26:31"
665,4319,0.99,"2005-07-07 17:50:27"
666,4404,2.99,"2005-07-07 21:31:53"
667,5881,2.99,"2005-07-10 19:19:43"
668,6653,4.99,"2005-07-12 11:06:17"
669,6905,2.99,"2005-07-12 22:02:18"
670,8667,2.99,"2005-07-29 15:40:57"
671,8878,0.99,"2005-07-30 00:15:57"
672,9140,8.99,"2005-07-30 10:12:01"
673,9334,2.99,"2005-07-30 17:56:38"
674,9922,2.99,"2005-07-31 14:59:37"
675,10103,2.99,"2005-07-31 20:49:13"
676,10324,5.99,"2005-08-01 04:49:06"
677,10860,2.99,"2005-08-02 00:12:32"
678,10916,2.99,"2005-08-02 02:05:59"
679,11642,0.99,"2005-08-17 04:48:05"
680,12922,0.99,"2005-08-19 04:48:48"
681,14193,4.99,"2005-08-21 03:38:27"
682,14236,4.99,"2005-08-21 05:13:16"
683,15512,0.99,"2005-08-23 02:57:30"
684,15972,5.99,"2005-08-23 20:00:30"
685,796,2.99,"2005-05-29 16:59:44"
686,1105,2.99,"2005-05-31 14:33:56"
687,1440,5.99,"2005-06-15 18:53:14"
688,1706,4.99,"2005-06-16 14:01:02"
689,2093,9.99,"2005-06-17 18:14:08"
690,2416,3.99,"2005-06-18 17:07:34"
691,2421,6.99,"2005-06-18 17:25:05"
692,2532,4.99,"2005-06-19 01:27:46"
693,2745,4.99,"2005-06-19 16:21:19"
694,4065,2.99,"2005-07-07 04:32:28"
695,4274,4.99,"2005-07-07 14:42:04"
696,4382,4.99,"2005-07-07 20:41:03"
697,4402,0.99,"2005-07-07 21:28:46"
698,4431,6.99,"2005-07-07 22:39:02"
699,4536,3.99,"2005-07-08 03:43:22"
700,4641,6.99,"2005-07-08 09:09:46"
701,5437,2.99,"2005-07-09 21:32:29"
702,6149,1.99,"2005-07-11 09:19:31"
703,6243,2.99,"2005-07-11 14:53:25"
704,7328,0.99,"2005-07-27 13:55:18"
705,8241,4.99,"2005-07-29 00:33:36"
706,9484,0.99,"2005-07-30 23:31:40"
707,10386,3.99,"2005-08-01 06:42:20"
708,10996,3.99,"2005-08-02 04:48:11"
709,11314,2.99,"2005-08-02 16:04:08"
710,11338,0.99,"2005-08-02 17:00:12"
711,11744,5.99,"2005-08-17 08:54:30"
712,13111,4.99,"2005-08-19 11:25:10"
713,14183,4.99,"2005-08-21 03:24:29"
714,14192,8.99,"2005-08-21 03:37:42"
715,14603,1.99,"2005-08-21 17:51:06"
716,14677,7.99,"2005-08-21 20:12:30"
717,15384,2.99,"2005-08-22 22:34:44"
718,15722,7.99,"2005-08-23 11:16:29"
719,787,2.99,"2005-05-29 16:03:03"
720,1310,4.99,"2005-06-15 10:11:42"
721,1480,4.99,"2005-06-15 21:17:17"
722,1699,2.99,"2005-06-16 13:05:09"
723,1960,3.99,"2005-06-17 08:59:57"
724,2512,2.99,"2005-06-18 23:48:47"
725,2815,4.99,"2005-06-19 20:03:29"
726,3038,1.99,"2005-06-20 12:28:59"
727,3420,3.99,"2005-06-21 17:22:36"
728,4038,0.99,"2005-07-07 02:52:53"
729,4510,5.99,"2005-07-08 02:34:51"
730,5552,0.99,"2005-07-10 03:01:19"
731,5736,4.99,"2005-07-10 11:45:48"
732,6115,0.99,"2005-07-11 07:36:50"
733,6562,5.99,"2005-07-12 05:26:26"
734,6658,4.99,"2005-07-12 11:13:21"
735,7927,1.99,"2005-07-28 12:13:42"
736,9244,0.99,"2005-07-30 14:06:53"
737,9636,5.99,"2005-07-31 05:12:59"
738,9673,7.99,"2005-07-31 06:34:55"
739,9908,4.99,"2005-07-31 14:39:52"
740,10794,7.99,"2005-08-01 21:51:15"
741,10852,4.99,"2005-08-02 00:00:33"
742,11234,0.99,"2005-08-02 13:12:17"
743,11661,8.99,"2005-08-17 05:25:57"
744,11740,6.99,"2005-08-17 08:48:31"
745,12021,5.99,"2005-08-17 19:52:43"
746,12461,0.99,"2005-08-18 11:28:14"
747,12531,2.99,"2005-08-18 13:57:50"
748,13816,4.99,"2005-08-20 13:13:56"
749,15048,0.99,"2005-08-22 10:00:04"
750,388,2.99,"2005-05-27 10:37:27"
751,868,2.99,"2005-05-30 04:19:55"
752,1240,2.99,"2005-06-15 04:58:07"
753,1543,4.99,"2005-06-16 01:24:08"
754,2299,3.99,"2005-06-18 08:18:52"
755,2604,0.99,"2005-06-19 06:30:10"
756,3231,0.99,"2005-06-21 02:25:00"
757,3845,0.99,"2005-07-06 16:38:14"
758,4704,0.99,"2005-07-08 11:45:35"
759,4951,4.99,"2005-07-08 22:58:21"
760,5653,2.99,"2005-07-10 07:21:27"
761,5817,5.99,"2005-07-10 15:49:12"
762,6032,0.99,"2005-07-11 02:49:01"
763,6476,0.99,"2005-07-12 01:37:48"
764,7580,9.99,"2005-07-27 23:07:40"
765,8464,4.99,"2005-07-29 08:18:20"
766,8901,2.99,"2005-07-30 01:07:12"
767,9544,2.99,"2005-07-31 01:44:51"
768,9593,4.99,"2005-07-31 03:22:30"
769,9705,4.99,"2005-07-31 07:40:33"
770,10116,2.99,"2005-07-31 21:14:02"
771,10294,6.99,"2005-08-01 03:48:12"
772,11444,2.99,"2005-08-02 20:32:55"
773,11856,3.99,"2005-08-17 13:44:49"
774,12190,2.99,"2005-08-18 01:54:44"
775,12359,0.99,"2005-08-18 07:44:05"
776,12708,2.99,"2005-08-18 20:59:17"
777,13783,4.99,"2005-08-20 12:11:03"
778,14540,2.99,"2005-08-21 15:34:23"
779,15445,4.99,"2005-08-23 00:48:29"
780,15491,2.99,"2005-08-23 02:08:40"
781,12938,2.99,"2006-02-14 15:16:03"
782,194,1.99,"2005-05-26 06:52:33"
783,2655,0.99,"2005-06-19 10:38:42"
784,2673,0.99,"2005-06-19 11:42:20"
785,2701,7.99,"2005-06-19 13:33:06"
786,2735,2.99,"2005-06-19 15:42:07"
787,2801,2.99,"2005-06-19 19:18:09"
788,2923,2.99,"2005-06-20 04:16:07"
789,3324,2.99,"2005-06-21 08:49:16"
790,4262,6.99,"2005-07-07 14:24:30"
791,4313,0.99,"2005-07-07 17:36:56"
792,4535,0.99,"2005-07-08 03:40:46"
793,5442,10.99,"2005-07-09 21:55:19"
794,5857,1.99,"2005-07-10 17:59:29"
795,7237,3.99,"2005-07-27 10:12:36"
796,7451,6.99,"2005-07-27 18:18:41"
797,7453,0.99,"2005-07-27 18:27:13"
798,8673,2.99,"2005-07-29 15:50:14"
799,9392,4.99,"2005-07-30 19:50:13"
800,9946,4.99,"2005-07-31 15:48:54"
801,10543,5.99,"2005-08-01 12:36:09"
802,10899,1.99,"2005-08-02 01:30:21"
803,11079,4.99,"2005-08-02 07:29:10"
804,11962,2.99,"2005-08-17 17:34:38"
805,12488,4.99,"2005-08-18 12:48:22"
806,12508,2.99,"2005-08-18 13:20:13"
807,12569,6.99,"2005-08-18 15:20:46"
808,12615,6.99,"2005-08-18 17:16:07"
809,13173,2.99,"2005-08-19 13:50:36"
810,13436,0.99,"2005-08-19 23:36:25"
811,13777,2.99,"2005-08-20 12:03:35"
812,13832,3.99,"2005-08-20 14:00:25"
813,14174,0.99,"2005-08-21 03:01:45"
814,14703,4.99,"2005-08-21 21:01:19"
815,14985,7.99,"2005-08-22 07:35:56"
816,14997,5.99,"2005-08-22 07:53:00"
817,15577,0.99,"2006-02-14 15:16:03"
818,1874,1.99,"2005-06-17 02:39:20"
819,1895,2.99,"2005-06-17 04:25:12"
820,2154,4.99,"2005-06-17 22:59:42"
821,2730,2.99,"2005-06-19 15:10:09"
822,3964,4.99,"2005-07-06 22:23:02"
823,4471,2.99,"2005-07-08 00:21:29"
824,4642,2.99,"2005-07-08 09:13:28"
825,5028,5.99,"2005-07-09 02:34:45"
826,5108,9.99,"2005-07-09 06:44:30"
827,5289,0.99,"2005-07-09 15:14:08"
828,5972,7.99,"2005-07-11 00:08:54"
829,6249,0.99,"2005-07-11 15:02:02"
830,6359,2.99,"2005-07-11 21:06:17"
831,7394,2.99,"2005-07-27 16:03:08"
832,7769,4.99,"2005-07-28 06:45:23"
833,8030,4.99,"2005-07-28 16:12:53"
834,8038,4.99,"2005-07-28 16:32:55"
835,8083,4.99,"2005-07-28 18:09:48"
836,8641,2.99,"2005-07-29 14:37:30"
837,9309,2.99,"2005-07-30 16:55:53"
838,9551,0.99,"2005-07-31 02:04:58"
839,9641,0.99,"2005-07-31 05:33:48"
840,9998,2.99,"2005-07-31 17:40:35"
841,10235,6.99,"2005-08-01 01:57:48"
842,12240,2.99,"2005-08-18 03:27:11"
843,12546,2.99,"2005-08-18 14:29:37"
844,12758,0.99,"2005-08-18 22:58:34"
845,13435,0.99,"2005-08-19 23:35:44"
846,13682,4.99,"2005-08-20 08:50:39"
847,14339,0.99,"2005-08-21 08:37:15"
848,14585,2.99,"2005-08-21 17:18:33"
849,15063,4.99,"2005-08-22 10:39:51"
850,15544,4.99,"2005-08-23 04:17:56"
851,15829,2.99,"2005-08-23 15:17:14"
852,1656,4.99,"2005-06-16 10:05:40"
853,1838,1.99,"2005-06-16 23:20:16"
854,2233,0.99,"2005-06-18 03:57:36"
855,2341,6.99,"2005-06-18 11:35:30"
856,2396,7.99,"2005-06-18 15:49:48"
857,2438,0.99,"2005-06-18 18:34:21"
858,2530,0.99,"2005-06-19 01:20:00"
859,2648,4.99,"2005-06-19 10:06:20"
860,3117,2.99,"2005-06-20 18:05:15"
861,3172,1.99,"2005-06-20 22:19:25"
862,3205,0.99,"2005-06-21 00:38:47"
863,3701,4.99,"2005-07-06 10:12:45"
864,3967,4.99,"2005-07-06 22:45:10"
865,4122,6.99,"2005-07-07 07:15:35"
866,4738,9.99,"2005-07-08 13:24:58"
867,6208,3.99,"2005-07-11 12:34:56"
868,6580,4.99,"2005-07-12 06:26:10"
869,7000,1.99,"2005-07-27 01:23:24"
870,7138,3.99,"2005-07-27 06:47:13"
871,7178,2.99,"2005-07-27 08:09:25"
872,7464,2.99,"2005-07-27 18:49:42"
873,8997,0.99,"2005-07-30 04:53:56"
874,12085,4.99,"2005-08-17 22:17:09"
875,12377,0.99,"2005-08-18 08:26:05"
876,15682,6.99,"2005-08-23 09:37:34"
877,15816,6.99,"2005-08-23 14:58:06"
878,483,4.99,"2005-05-27 23:00:25"
879,803,4.99,"2005-05-29 17:52:30"
880,1067,4.99,"2005-05-31 09:12:13"
881,1887,6.99,"2005-06-17 03:53:18"
882,2160,0.99,"2005-06-17 23:39:11"
883,2624,5.99,"2005-06-19 08:22:09"
884,2891,1.99,"2005-06-20 02:02:05"
885,3500,2.99,"2005-07-06 00:11:13"
886,4434,2.99,"2005-07-07 22:48:34"
887,4771,2.99,"2005-07-08 15:33:32"
888,4899,0.99,"2005-07-08 20:37:11"
889,5307,9.99,"2005-07-09 15:57:15"
890,5767,0.99,"2005-07-10 13:13:18"
891,5954,2.99,"2005-07-10 23:22:01"
892,6122,3.99,"2005-07-11 07:58:07"
893,6450,2.99,"2005-07-12 00:49:05"
894,7084,6.99,"2005-07-27 04:34:07"
895,7589,5.99,"2005-07-27 23:23:36"
896,7793,2.99,"2005-07-28 07:26:14"
897,8390,5.99,"2005-07-29 05:52:26"
898,8453,2.99,"2005-07-29 07:46:29"
899,8914,2.99,"2005-07-30 01:42:03"
900,11135,4.99,"2005-08-02 09:22:25"
901,11831,4.99,"2005-08-17 12:54:47"
902,12414,9.99,"2005-08-18 09:50:40"
903,13736,8.99,"2005-08-20 10:31:23"
904,13931,1.99,"2005-08-20 17:16:10"
905,14075,0.99,"2005-08-20 23:18:54"
906,14570,5.99,"2005-08-21 16:32:32"
907,165,2.99,"2005-05-26 02:28:36"
908,1301,10.99,"2005-06-15 09:46:33"
909,3173,8.99,"2005-06-20 22:21:10"
910,4095,5.99,"2005-07-07 06:01:48"
911,5421,0.99,"2005-07-09 20:49:12"
912,5723,4.99,"2005-07-10 11:14:48"
913,6280,0.99,"2005-07-11 16:36:17"
914,7992,4.99,"2005-07-28 14:53:06"
915,9040,4.99,"2005-07-30 06:31:45"
916,9085,4.99,"2005-07-30 08:17:24"
917,9254,1.99,"2005-07-30 14:26:11"
918,10335,2.99,"2005-08-01 04:59:30"
919,10870,4.99,"2005-08-02 00:27:12"
920,13241,7.99,"2005-08-19 16:25:00"
921,13858,2.99,"2005-08-20 14:50:57"
922,13958,7.99,"2005-08-20 18:11:44"
923,14002,0.99,"2005-08-20 20:12:19"
924,14623,0.99,"2005-08-21 18:29:13"
925,15096,5.99,"2005-08-22 11:43:04"
926,15115,2.99,"2005-08-22 12:28:01"
927,12277,0.99,"2006-02-14 15:16:03"
928,1900,4.99,"2005-06-17 04:29:58"
929,2257,5.99,"2005-06-18 05:29:52"
930,3150,0.99,"2005-06-20 20:35:28"
931,3508,3.99,"2005-07-06 00:24:25"
932,3911,2.99,"2005-07-06 20:09:11"
933,5188,4.99,"2005-07-09 10:22:31"
934,5643,4.99,"2005-07-10 06:49:00"
935,5918,5.99,"2005-07-10 21:32:06"
936,7015,2.99,"2005-07-27 02:15:01"
937,7124,2.99,"2005-07-27 06:09:30"
938,7532,0.99,"2005-07-27 21:20:52"
939,9160,3.99,"2005-07-30 11:17:33"
940,10523,0.99,"2005-08-01 11:52:32"
941,10615,4.99,"2005-08-01 14:58:14"
942,11096,0.99,"2005-08-02 08:05:19"
943,11505,2.99,"2005-08-16 23:18:47"
944,11701,4.99,"2005-08-17 07:15:47"
945,12286,2.99,"2005-08-18 04:57:59"
946,12599,2.99,"2005-08-18 16:42:45"
947,12651,0.99,"2005-08-18 18:36:16"
948,13371,4.99,"2005-08-19 21:21:47"
949,13949,2.99,"2005-08-20 17:55:13"
950,14686,5.99,"2005-08-21 20:32:08"
951,14701,7.99,"2005-08-21 20:54:32"
952,47,3.99,"2005-05-25 06:05:20"
953,424,6.99,"2005-05-27 15:34:01"
954,1579,0.99,"2005-06-16 04:09:08"
955,1989,2.99,"2005-06-17 10:47:24"
956,2229,4.99,"2005-06-18 03:50:18"
957,2231,0.99,"2005-06-18 03:52:14"
958,2743,2.99,"2005-06-19 16:15:56"
959,3112,4.99,"2005-06-20 17:53:30"
960,3597,2.99,"2005-07-06 05:03:59"
961,4098,4.99,"2005-07-07 06:14:51"
962,4990,0.99,"2005-07-09 00:48:49"
963,5013,2.99,"2005-07-09 01:46:45"
964,5323,0.99,"2005-07-09 16:34:07"
965,5916,5.99,"2005-07-10 21:26:31"
966,5963,0.99,"2005-07-10 23:47:08"
967,6147,5.99,"2005-07-11 09:13:08"
968,6401,4.99,"2005-07-11 22:44:34"
969,6565,4.99,"2005-07-12 05:39:50"
970,6572,4.99,"2005-07-12 05:56:38"
971,7140,4.99,"2005-07-27 06:54:12"
972,8822,6.99,"2005-07-29 22:20:21"
973,8971,5.99,"2005-07-30 04:03:58"
974,9033,2.99,"2005-07-30 06:07:42"
975,9579,6.99,"2005-07-31 02:59:20"
976,11298,1.99,"2005-08-02 15:32:32"
977,11452,7.99,"2005-08-02 20:59:52"
978,11645,4.99,"2005-08-17 04:50:56"
979,12055,4.99,"2005-08-17 21:02:19"
980,13735,2.99,"2005-08-20 10:31:01"
981,14110,0.99,"2005-08-21 00:53:09"
982,14124,2.99,"2005-08-21 01:31:51"
983,14735,4.99,"2005-08-21 22:25:09"
984,349,0.99,"2005-05-27 04:53:11"
985,716,0.99,"2005-05-29 04:35:29"
986,2741,0.99,"2005-06-19 16:05:41"
987,4135,0.99,"2005-07-07 08:15:03"
988,4560,4.99,"2005-07-08 04:58:48"
989,4762,4.99,"2005-07-08 14:54:42"
990,5403,0.99,"2005-07-09 20:07:09"
991,6030,0.99,"2005-07-11 02:37:51"
992,7205,6.99,"2005-07-27 09:06:13"
993,7647,0.99,"2005-07-28 01:35:17"
994,7919,6.99,"2005-07-28 11:59:45"
995,8099,0.99,"2005-07-28 18:35:12"
996,8391,2.99,"2005-07-29 05:52:50"
997,8952,4.99,"2005-07-30 03:20:38"
998,9369,2.99,"2005-07-30 18:52:19"
999,9805,0.99,"2005-07-31 11:11:10"
1000,10525,2.99,"2005-08-01 11:53:17"
1001,10761,2.99,"2005-08-01 20:25:35"
